year,district_code,district_name,neighborhood_code,neighborhood_name,man_bachelors_degree,man_elementary_school,man_junior_high_school,man_senior_high_school,man_unknown,man_without education,woman_bachelors_degree,woman_elementary_school,woman_junior_high_school,woman_senior_high_school,woman_unknown,woman_without education
2015,1,Ciutat Vella,1,el Raval,4455,9031,4966,3909,5,443,4563,5932,3732,3300,7,880
2015,1,Ciutat Vella,2,el Barri Gòtic,2534,1567,1323,1713,0,124,2721,1170,977,1515,1,268
2015,1,Ciutat Vella,3,la Barceloneta,1560,1782,1726,1438,2,244,1839,1786,1444,1259,1,553
2015,1,Ciutat Vella,4,"Sant Pere, Santa Caterina i la Ribera",3480,2225,1807,2263,2,190,4002,2020,1464,2067,5,470
2015,2,Eixample,5,el Fort Pienc,4637,1767,2341,3808,2,290,5462,2490,2690,3655,3,571
2015,2,Eixample,6,la Sagrada Família,6992,2861,4103,6112,4,539,8576,4698,4728,5887,5,1125
2015,2,Eixample,7,la Dreta de l'Eixample,8727,1338,2106,4670,1,279,9882,2345,2716,5113,2,615
2015,2,Eixample,8,l'Antiga Esquerra de l'Eixample,7884,1452,2352,4845,5,313,8817,2568,2898,5039,3,647
2015,2,Eixample,9,la Nova Esquerra de l'Eixample,9341,2679,3922,7009,7,444,10664,4475,4704,6937,13,953
2015,2,Eixample,10,Sant Antoni,5306,2557,3105,4570,8,361,6046,3598,3397,4159,8,866
2015,3,Sants-Montjuïc,11,el Poble Sec,3685,4893,4265,3985,3,446,4588,5002,3744,3604,3,1025
2015,3,Sants-Montjuïc,12,la Marina del Prat Vermell,16,227,181,55,0,22,26,231,127,53,0,55
2015,3,Sants-Montjuïc,13,la Marina de Port,1424,3701,3561,3105,2,514,1932,4400,3318,2896,3,951
2015,3,Sants-Montjuïc,14,la Font de la Guatlla,1107,824,979,1227,2,134,1411,1091,1030,1097,4,272
2015,3,Sants-Montjuïc,15,Hostafrancs,1695,1489,1526,1730,1,196,2084,1781,1539,1615,5,334
2015,3,Sants-Montjuïc,16,la Bordeta,1489,1620,1983,2225,6,251,1872,2192,1953,2062,9,510
2015,3,Sants-Montjuïc,17,Sants - Badal,2124,2304,2410,2674,7,351,2690,3039,2486,2515,4,693
2015,3,Sants-Montjuïc,18,Sants,4706,3207,3675,4676,3,485,5961,4154,3722,4396,5,998
2015,4,Les Corts,19,les Corts,7796,1984,2811,5448,7,413,8414,3226,3600,5748,7,812
2015,4,Les Corts,20,la Maternitat i Sant Ramon,3556,1238,1652,2825,4,276,3970,2014,1973,2804,7,526
2015,4,Les Corts,21,Pedralbes,2559,242,439,1224,1,63,2411,495,712,1544,2,107
2015,5,Sarrià-Sant Gervasi,22,"Vallvidrera, el Tibidabo i les Planes",747,180,302,488,0,44,820,230,268,506,2,88
2015,5,Sarrià-Sant Gervasi,23,Sarrià,4774,619,976,2416,3,191,5211,1136,1398,2840,0,335
2015,5,Sarrià-Sant Gervasi,24,les Tres Torres,3464,252,529,1773,0,133,3524,588,842,2273,0,151
2015,5,Sarrià-Sant Gervasi,25,Sant Gervasi - la Bonanova,5015,650,971,2773,4,170,5305,1031,1525,3445,8,307
2015,5,Sarrià-Sant Gervasi,26,Sant Gervasi - Galvany,9639,956,1701,4796,6,319,10352,1881,2738,6622,4,509
2015,5,Sarrià-Sant Gervasi,27,el Putxet i el Farró,5506,668,1390,3263,2,219,6400,1234,1870,3838,4,358
2015,6,Gràcia,28,Vallcarca i els Penitents,2291,695,1115,1794,0,146,2832,1066,1232,1794,1,305
2015,6,Gràcia,29,el Coll,798,495,661,843,3,90,1018,658,697,841,1,169
2015,6,Gràcia,30,la Salut,1993,599,876,1576,0,127,2513,960,1064,1573,6,236
2015,6,Gràcia,31,la Vila de Gràcia,8137,2564,3286,5428,4,425,10989,3792,3593,5276,2,977
2015,6,Gràcia,32,el Camp d'en Grassot i Gràcia Nova,5131,1531,2401,4123,3,300,6355,2579,2845,4008,5,618
2015,7,Horta-Guinardó,33,el Baix Guinardó,2953,1500,2264,3151,3,319,3642,2410,2489,3068,7,698
2015,7,Horta-Guinardó,34,Can Baró,833,780,923,1007,0,137,1059,929,894,948,1,302
2015,7,Horta-Guinardó,35,el Guinardó,3774,2383,3307,4473,4,438,4822,3443,3509,4283,4,910
2015,7,Horta-Guinardó,36,la Font d'en Fargues,1071,502,850,1192,4,140,1271,798,898,1055,7,210
2015,7,Horta-Guinardó,37,el Carmel,1233,3771,4294,2777,5,765,1754,4374,3902,2863,10,1370
2015,7,Horta-Guinardó,38,la Teixonera,602,1228,1480,1165,3,233,809,1463,1314,1107,2,428
2015,7,Horta-Guinardó,39,Sant Genís dels Agudells,438,670,744,687,1,184,588,812,739,698,1,307
2015,7,Horta-Guinardó,40,Montbau,395,377,488,572,0,113,596,616,509,536,0,263
2015,7,Horta-Guinardó,41,la Vall d'Hebron,582,415,510,703,0,75,771,549,523,608,2,128
2015,7,Horta-Guinardó,42,la Clota,46,56,70,60,0,13,79,40,54,49,0,16
2015,7,Horta-Guinardó,43,Horta,1968,2491,2643,3105,3,474,2833,3123,2619,2943,1,914
2015,8,Nou Barris,44,Vilapicina i la Torre Llobeta,1856,2105,2744,2971,1,406,2623,3048,2830,2838,6,867
2015,8,Nou Barris,45,Porta,1318,2563,2890,2631,4,529,1908,3376,2711,2520,3,976
2015,8,Nou Barris,46,el Turó de la Peira,657,1746,1759,1522,1,334,937,2231,1800,1494,1,765
2015,8,Nou Barris,47,Can Peguera,57,325,311,171,0,44,79,395,287,177,0,104
2015,8,Nou Barris,48,la Guineueta,908,1390,1747,1651,0,292,1215,1993,1729,1577,0,582
2015,8,Nou Barris,49,Canyelles,245,918,945,615,1,144,390,1083,917,573,2,261
2015,8,Nou Barris,50,les Roquetes,389,2279,2175,1063,0,333,565,2453,1946,1215,0,648
2015,8,Nou Barris,51,Verdun,389,1602,1565,976,0,286,630,1876,1569,1112,3,545
2015,8,Nou Barris,52,la Prosperitat,951,3188,3416,2371,3,707,1366,3830,3150,2430,7,1272
2015,8,Nou Barris,53,la Trinitat Nova,176,1088,1061,480,0,127,253,1132,963,521,0,407
2015,8,Nou Barris,54,Torre Baró,73,462,374,154,2,52,106,454,320,152,0,101
2015,8,Nou Barris,55,Ciutat Meridiana,203,1726,1423,638,0,183,280,1767,1205,679,3,332
2015,8,Nou Barris,56,Vallbona,37,209,183,75,0,28,47,208,164,71,1,67
2015,9,Sant Andreu,57,la Trinitat Vella,299,1759,1383,761,0,184,433,1478,1132,688,0,306
2015,9,Sant Andreu,58,Baró de Viver,54,382,365,152,0,47,61,403,332,127,1,107
2015,9,Sant Andreu,59,el Bon Pastor,523,1653,1637,1090,1,221,711,1683,1395,985,2,383
2015,9,Sant Andreu,60,Sant Andreu,4599,4412,5753,7098,3,735,6334,5973,6019,6290,9,1372
2015,9,Sant Andreu,61,la Sagrera,2277,2358,3073,3553,1,358,3154,3294,3219,3320,4,717
2015,9,Sant Andreu,62,el Congrés i els Indians,1133,1015,1446,1678,1,202,1654,1536,1462,1637,1,471
2015,9,Sant Andreu,63,Navas,2013,1565,2229,2793,5,261,2483,2467,2351,2605,0,551
2015,10,Sant Martí,64,el Camp de l'Arpa del Clot,4157,2712,3670,4724,4,428,5056,3865,3849,4378,3,895
2015,10,Sant Martí,65,el Clot,2539,2107,2752,3317,4,341,3153,2729,2789,2961,3,660
2015,10,Sant Martí,66,el Parc i la Llacuna del Poblenou,1961,1043,1319,1726,2,147,2191,1336,1279,1582,3,294
2015,10,Sant Martí,67,la Vila Olímpica del Poblenou,1943,262,447,942,0,105,2067,319,517,871,0,122
2015,10,Sant Martí,68,el Poblenou,3924,2460,2979,3651,4,374,4631,2910,2809,3297,6,817
2015,10,Sant Martí,69,Diagonal Mar i el Front Marítim del Poblenou,1970,683,954,1338,0,153,2267,895,886,1206,0,259
2015,10,Sant Martí,70,el Besòs i el Maresme,822,3776,3025,1741,3,508,1058,3250,2651,1733,2,986
2015,10,Sant Martí,71,Provençals del Poblenou,1685,1789,2219,2332,1,288,2064,2140,2101,2099,2,532
2015,10,Sant Martí,72,Sant Martí de Provençals,1662,2480,2937,2926,9,452,2189,3478,2869,2692,5,928
2015,10,Sant Martí,73,la Verneda i la Pau,1212,3336,3601,2925,4,632,1711,4185,3521,2674,4,1162
2015,99,No consta,99,No consta,0,0,0,0,0,0,0,0,0,1,0,0
2016,1,Ciutat Vella,1,el Raval,4605,8230,5023,3984,395,301,4710,5549,3772,3376,299,721
2016,1,Ciutat Vella,2,el Barri Gòtic,2632,1478,1377,1799,66,100,2830,1129,1020,1629,41,226
2016,1,Ciutat Vella,3,la Barceloneta,1625,1680,1752,1477,81,181,1877,1646,1508,1324,62,467
2016,1,Ciutat Vella,4,"Sant Pere, Santa Caterina i la Ribera",3530,2013,1814,2346,135,120,4043,1881,1509,2196,121,376
2016,2,Eixample,5,el Fort Pienc,4746,1602,2359,3849,198,140,5544,2312,2765,3717,158,399
2016,2,Eixample,6,la Sagrada Família,7153,2644,4060,6135,277,285,8804,4427,4798,5923,272,850
2016,2,Eixample,7,la Dreta de l'Eixample,8848,1204,2152,4742,275,74,10001,2152,2737,5246,254,412
2016,2,Eixample,8,l'Antiga Esquerra de l'Eixample,7851,1327,2354,4985,241,129,8937,2408,2972,5112,218,452
2016,2,Eixample,9,la Nova Esquerra de l'Eixample,9552,2413,3874,7030,321,200,10938,4143,4769,6935,293,676
2016,2,Eixample,10,Sant Antoni,5374,2347,3105,4632,221,216,6165,3368,3447,4205,197,649
2016,3,Sants-Montjuïc,11,el Poble Sec,3716,4546,4300,4091,280,291,4731,4677,3824,3647,238,839
2016,3,Sants-Montjuïc,12,la Marina del Prat Vermell,18,208,187,56,8,20,33,219,131,55,9,44
2016,3,Sants-Montjuïc,13,la Marina de Port,1555,3456,3663,3068,260,328,2055,4200,3395,2906,232,738
2016,3,Sants-Montjuïc,14,la Font de la Guatlla,1149,756,981,1210,79,92,1451,1032,1020,1103,60,216
2016,3,Sants-Montjuïc,15,Hostafrancs,1792,1383,1510,1755,105,129,2194,1673,1552,1622,70,278
2016,3,Sants-Montjuïc,16,la Bordeta,1571,1502,1989,2201,124,165,2027,2113,2012,1996,92,413
2016,3,Sants-Montjuïc,17,Sants - Badal,2222,2112,2360,2678,156,247,2794,2858,2548,2502,142,565
2016,3,Sants-Montjuïc,18,Sants,4811,2941,3676,4664,281,305,6151,3922,3798,4401,195,792
2016,4,Les Corts,19,les Corts,7893,1796,2853,5447,268,189,8568,2978,3672,5691,219,569
2016,4,Les Corts,20,la Maternitat i Sant Ramon,3625,1142,1678,2821,141,156,4081,1887,1994,2803,127,389
2016,4,Les Corts,21,Pedralbes,2608,175,423,1240,104,11,2408,437,711,1572,130,42
2016,5,Sarrià-Sant Gervasi,22,"Vallvidrera, el Tibidabo i les Planes",721,169,305,530,44,18,803,201,266,536,54,54
2016,5,Sarrià-Sant Gervasi,23,Sarrià,4682,509,996,2566,233,51,5209,1005,1402,2995,214,179
2016,5,Sarrià-Sant Gervasi,24,les Tres Torres,3411,193,492,1744,180,13,3484,495,810,2343,131,52
2016,5,Sarrià-Sant Gervasi,25,Sant Gervasi - la Bonanova,5007,530,1002,2923,194,24,5322,928,1538,3600,191,150
2016,5,Sarrià-Sant Gervasi,26,Sant Gervasi - Galvany,9629,756,1693,4994,389,44,10295,1671,2756,6867,375,209
2016,5,Sarrià-Sant Gervasi,27,el Putxet i el Farró,5523,555,1390,3343,235,53,6443,1104,1891,3990,193,190
2016,6,Gràcia,28,Vallcarca i els Penitents,2287,613,1118,1814,105,82,2812,978,1268,1831,86,228
2016,6,Gràcia,29,el Coll,812,477,665,854,49,61,1028,625,737,876,39,137
2016,6,Gràcia,30,la Salut,1983,534,879,1598,95,53,2498,884,1098,1577,69,163
2016,6,Gràcia,31,la Vila de Gràcia,8034,2365,3305,5652,257,227,10868,3551,3670,5537,212,758
2016,6,Gràcia,32,el Camp d'en Grassot i Gràcia Nova,5186,1397,2449,4184,187,150,6476,2466,2847,4144,174,469
2016,7,Horta-Guinardó,33,el Baix Guinardó,3053,1391,2235,3197,166,202,3747,2278,2551,3067,131,560
2016,7,Horta-Guinardó,34,Can Baró,855,730,933,1016,65,87,1118,883,913,947,52,243
2016,7,Horta-Guinardó,35,el Guinardó,3835,2185,3337,4527,234,252,4935,3251,3652,4314,188,680
2016,7,Horta-Guinardó,36,la Font d'en Fargues,1082,468,875,1188,79,64,1276,748,909,1076,61,146
2016,7,Horta-Guinardó,37,el Carmel,1287,3529,4334,2779,268,598,1856,4189,3969,2890,227,1124
2016,7,Horta-Guinardó,38,la Teixonera,626,1170,1489,1151,83,168,860,1387,1327,1107,71,353
2016,7,Horta-Guinardó,39,Sant Genís dels Agudells,485,641,773,686,68,131,627,767,767,732,39,265
2016,7,Horta-Guinardó,40,Montbau,415,342,487,584,34,92,609,569,538,559,31,232
2016,7,Horta-Guinardó,41,la Vall d'Hebron,630,378,515,697,44,44,808,522,516,618,51,98
2016,7,Horta-Guinardó,42,la Clota,50,59,69,61,4,10,81,40,57,49,6,12
2016,7,Horta-Guinardó,43,Horta,2062,2313,2684,3078,193,344,2888,2960,2705,2970,127,764
2016,8,Nou Barris,44,Vilapicina i la Torre Llobeta,1968,1984,2751,2955,150,272,2771,2900,2914,2763,157,684
2016,8,Nou Barris,45,Porta,1386,2426,2900,2623,168,416,2053,3252,2770,2481,144,822
2016,8,Nou Barris,46,el Turó de la Peira,705,1635,1775,1517,120,254,998,2124,1824,1487,106,659
2016,8,Nou Barris,47,Can Peguera,66,289,305,155,30,29,86,360,291,178,18,90
2016,8,Nou Barris,48,la Guineueta,963,1319,1757,1636,108,201,1300,1886,1758,1560,88,478
2016,8,Nou Barris,49,Canyelles,264,871,957,608,65,105,427,1029,938,550,42,226
2016,8,Nou Barris,50,les Roquetes,411,2137,2173,1092,139,260,618,2326,2020,1167,135,524
2016,8,Nou Barris,51,Verdun,409,1514,1597,975,109,224,697,1810,1590,1083,88,469
2016,8,Nou Barris,52,la Prosperitat,1003,3044,3416,2355,215,543,1551,3630,3267,2396,170,1058
2016,8,Nou Barris,53,la Trinitat Nova,167,987,1057,486,73,94,258,1085,985,522,56,349
2016,8,Nou Barris,54,Torre Baró,75,433,367,165,30,36,104,424,328,160,33,73
2016,8,Nou Barris,55,Ciutat Meridiana,209,1606,1418,628,86,125,306,1681,1255,687,96,245
2016,8,Nou Barris,56,Vallbona,35,200,181,75,13,22,54,197,172,65,17,53
2016,9,Sant Andreu,57,la Trinitat Vella,302,1608,1380,774,108,125,452,1398,1127,684,75,248
2016,9,Sant Andreu,58,Baró de Viver,51,370,381,153,33,21,54,394,351,141,23,83
2016,9,Sant Andreu,59,el Bon Pastor,543,1520,1703,1059,102,145,724,1610,1448,1002,98,296
2016,9,Sant Andreu,60,Sant Andreu,4752,4132,5787,7143,347,437,6592,5639,6134,6283,300,1022
2016,9,Sant Andreu,61,la Sagrera,2362,2187,3036,3522,202,225,3244,3078,3225,3297,163,561
2016,9,Sant Andreu,62,el Congrés i els Indians,1159,950,1426,1690,104,120,1696,1434,1486,1631,92,383
2016,9,Sant Andreu,63,Navas,2092,1463,2199,2807,134,155,2562,2334,2400,2589,122,426
2016,10,Sant Martí,64,el Camp de l'Arpa del Clot,4207,2530,3641,4796,209,249,5280,3678,3940,4324,204,702
2016,10,Sant Martí,65,el Clot,2623,1925,2806,3333,202,173,3261,2558,2849,2943,157,465
2016,10,Sant Martí,66,el Parc i la Llacuna del Poblenou,1987,981,1311,1784,82,77,2249,1264,1285,1608,83,232
2016,10,Sant Martí,67,la Vila Olímpica del Poblenou,1954,236,448,984,86,11,2073,300,509,954,77,49
2016,10,Sant Martí,68,el Poblenou,4006,2256,2955,3783,211,219,4709,2737,2843,3412,171,621
2016,10,Sant Martí,69,Diagonal Mar i el Front Marítim del Poblenou,1936,609,955,1439,93,103,2260,851,907,1263,71,186
2016,10,Sant Martí,70,el Besòs i el Maresme,851,3472,2932,1775,200,375,1134,3025,2676,1739,170,811
2016,10,Sant Martí,71,Provençals del Poblenou,1751,1691,2260,2347,145,183,2179,2046,2157,2155,119,420
2016,10,Sant Martí,72,Sant Martí de Provençals,1745,2353,2968,2941,183,295,2316,3253,3031,2669,147,718
2016,10,Sant Martí,73,la Verneda i la Pau,1282,3142,3638,2946,214,470,1862,3956,3613,2686,188,950
2017,1,Ciutat Vella,1,el Raval,4960,7431,5529,4062,359,264,5082,5280,4143,3439,271,638
2017,1,Ciutat Vella,2,el Barri Gòtic,2717,1454,1575,1802,68,87,3017,1084,1112,1619,56,205
2017,1,Ciutat Vella,3,la Barceloneta,1726,1559,1791,1497,84,152,2037,1549,1528,1362,59,405
2017,1,Ciutat Vella,4,"Sant Pere, Santa Caterina i la Ribera",3806,1871,1919,2371,123,104,4366,1792,1592,2173,113,327
2017,2,Eixample,5,el Fort Pienc,4927,1527,2384,3862,226,123,5806,2195,2779,3773,157,364
2017,2,Eixample,6,la Sagrada Família,7421,2484,4090,6175,302,255,9160,4217,4801,5997,271,751
2017,2,Eixample,7,la Dreta de l'Eixample,9095,1133,2217,4754,299,66,10325,2041,2778,5220,262,362
2017,2,Eixample,8,l'Antiga Esquerra de l'Eixample,8163,1255,2443,5004,260,112,9328,2268,3040,5101,195,400
2017,2,Eixample,9,la Nova Esquerra de l'Eixample,9917,2262,3920,7038,343,173,11450,3975,4798,6944,310,593
2017,2,Eixample,10,Sant Antoni,5631,2205,3163,4567,252,193,6422,3203,3526,4203,225,592
2017,3,Sants-Montjuïc,11,el Poble Sec,3954,4190,4380,4191,294,258,5018,4443,3883,3745,240,756
2017,3,Sants-Montjuïc,12,la Marina del Prat Vermell,20,209,189,67,13,17,33,211,134,51,9,40
2017,3,Sants-Montjuïc,13,la Marina de Port,1615,3373,3711,3109,320,297,2140,4162,3507,2936,282,679
2017,3,Sants-Montjuïc,14,la Font de la Guatlla,1216,728,985,1210,82,83,1531,1000,1032,1114,74,207
2017,3,Sants-Montjuïc,15,Hostafrancs,1867,1289,1531,1756,112,111,2320,1555,1573,1623,76,248
2017,3,Sants-Montjuïc,16,la Bordeta,1608,1428,2030,2240,133,152,2118,2025,2035,2016,99,372
2017,3,Sants-Montjuïc,17,Sants - Badal,2311,1997,2440,2686,149,232,2969,2746,2594,2513,130,511
2017,3,Sants-Montjuïc,18,Sants,5013,2713,3795,4716,262,270,6439,3690,3879,4472,219,726
2017,4,Les Corts,19,les Corts,8069,1657,2824,5443,284,159,8853,2855,3655,5704,259,500
2017,4,Les Corts,20,la Maternitat i Sant Ramon,3698,1105,1690,2820,150,141,4173,1819,1989,2838,138,361
2017,4,Les Corts,21,Pedralbes,2668,164,441,1221,131,11,2487,408,725,1582,141,35
2017,5,Sarrià-Sant Gervasi,22,"Vallvidrera, el Tibidabo i les Planes",731,166,322,550,54,14,823,190,279,537,47,49
2017,5,Sarrià-Sant Gervasi,23,Sarrià,4766,508,1035,2541,263,44,5285,977,1447,2996,247,161
2017,5,Sarrià-Sant Gervasi,24,les Tres Torres,3455,195,523,1735,188,11,3578,479,819,2377,152,48
2017,5,Sarrià-Sant Gervasi,25,Sant Gervasi - la Bonanova,5040,478,1007,2907,224,22,5495,854,1504,3557,206,138
2017,5,Sarrià-Sant Gervasi,26,Sant Gervasi - Galvany,9850,714,1724,4980,441,37,10612,1586,2768,6863,425,192
2017,5,Sarrià-Sant Gervasi,27,el Putxet i el Farró,5639,521,1372,3350,232,46,6628,1045,1892,4010,204,162
2017,6,Gràcia,28,Vallcarca i els Penitents,2341,594,1158,1803,124,75,2866,949,1276,1863,90,209
2017,6,Gràcia,29,el Coll,821,446,678,855,44,56,1061,598,729,898,40,128
2017,6,Gràcia,30,la Salut,2016,528,881,1609,88,46,2543,848,1121,1579,65,148
2017,6,Gràcia,31,la Vila de Gràcia,8311,2215,3279,5605,281,199,11275,3367,3628,5534,245,690
2017,6,Gràcia,32,el Camp d'en Grassot i Gràcia Nova,5324,1303,2467,4149,176,134,6672,2329,2880,4161,174,420
2017,7,Horta-Guinardó,33,el Baix Guinardó,3159,1316,2283,3169,158,174,3937,2192,2589,3115,133,498
2017,7,Horta-Guinardó,34,Can Baró,870,685,967,1024,58,74,1176,842,946,962,51,229
2017,7,Horta-Guinardó,35,el Guinardó,4016,2083,3401,4585,236,226,5146,3061,3709,4378,199,600
2017,7,Horta-Guinardó,36,la Font d'en Fargues,1101,447,887,1190,71,53,1324,721,920,1068,56,125
2017,7,Horta-Guinardó,37,el Carmel,1380,3383,4398,2836,299,537,1987,4054,4128,2950,205,1036
2017,7,Horta-Guinardó,38,la Teixonera,708,1144,1532,1183,98,152,944,1365,1402,1163,53,329
2017,7,Horta-Guinardó,39,Sant Genís dels Agudells,511,618,801,712,61,121,679,744,807,747,42,237
2017,7,Horta-Guinardó,40,Montbau,432,348,514,579,29,84,658,547,565,560,24,213
2017,7,Horta-Guinardó,41,la Vall d'Hebron,643,370,538,720,50,42,855,513,539,627,39,97
2017,7,Horta-Guinardó,42,la Clota,59,55,70,63,4,10,91,39,61,53,4,12
2017,7,Horta-Guinardó,43,Horta,2167,2196,2757,3070,186,323,3072,2839,2754,3002,119,695
2017,8,Nou Barris,44,Vilapicina i la Torre Llobeta,2013,1872,2825,2997,152,248,2808,2795,2993,2834,158,632
2017,8,Nou Barris,45,Porta,1451,2359,2996,2655,162,381,2144,3219,2893,2569,134,764
2017,8,Nou Barris,46,el Turó de la Peira,739,1585,1824,1543,113,225,1094,2058,1885,1534,115,594
2017,8,Nou Barris,47,Can Peguera,77,279,313,159,33,25,93,358,297,177,23,83
2017,8,Nou Barris,48,la Guineueta,955,1275,1824,1670,107,184,1337,1874,1839,1598,92,448
2017,8,Nou Barris,49,Canyelles,265,833,979,600,67,98,422,1006,944,546,52,211
2017,8,Nou Barris,50,les Roquetes,456,2085,2231,1140,149,232,698,2271,2106,1213,94,478
2017,8,Nou Barris,51,Verdun,449,1427,1679,1013,103,204,729,1765,1649,1127,79,427
2017,8,Nou Barris,52,la Prosperitat,1060,2911,3497,2416,210,493,1603,3569,3432,2490,176,987
2017,8,Nou Barris,53,la Trinitat Nova,174,943,1085,504,84,75,284,1042,1038,539,49,318
2017,8,Nou Barris,54,Torre Baró,79,419,385,167,46,33,119,424,344,167,38,67
2017,8,Nou Barris,55,Ciutat Meridiana,235,1554,1511,654,97,119,324,1662,1349,734,83,231
2017,8,Nou Barris,56,Vallbona,38,208,199,72,10,21,57,197,178,69,14,42
2017,9,Sant Andreu,57,la Trinitat Vella,305,1483,1458,782,98,119,469,1365,1179,705,73,224
2017,9,Sant Andreu,58,Baró de Viver,56,352,394,159,31,22,65,386,365,146,23,77
2017,9,Sant Andreu,59,el Bon Pastor,558,1433,1735,1069,109,133,749,1552,1510,1007,93,272
2017,9,Sant Andreu,60,Sant Andreu,4937,3972,5951,7152,395,393,6847,5467,6229,6376,320,956
2017,9,Sant Andreu,61,la Sagrera,2481,2090,3121,3546,191,208,3364,2978,3353,3326,151,531
2017,9,Sant Andreu,62,el Congrés i els Indians,1217,905,1472,1722,107,105,1736,1360,1534,1664,91,336
2017,9,Sant Andreu,63,Navas,2192,1374,2260,2813,150,142,2648,2229,2471,2591,118,385
2017,10,Sant Martí,64,el Camp de l'Arpa del Clot,4413,2364,3690,4804,254,220,5584,3519,3976,4268,195,641
2017,10,Sant Martí,65,el Clot,2719,1802,2878,3335,214,159,3396,2457,2900,2998,158,423
2017,10,Sant Martí,66,el Parc i la Llacuna del Poblenou,2145,916,1345,1799,96,65,2385,1196,1323,1651,73,220
2017,10,Sant Martí,67,la Vila Olímpica del Poblenou,1997,220,461,979,108,10,2110,286,524,962,94,41
2017,10,Sant Martí,68,el Poblenou,4184,2069,3027,3780,246,197,4938,2621,2935,3458,185,545
2017,10,Sant Martí,69,Diagonal Mar i el Front Marítim del Poblenou,2031,609,1008,1430,116,89,2332,819,947,1270,82,168
2017,10,Sant Martí,70,el Besòs i el Maresme,920,3351,3019,1867,219,347,1237,2946,2773,1785,179,746
2017,10,Sant Martí,71,Provençals del Poblenou,1824,1624,2325,2333,145,170,2264,1993,2213,2157,135,393
2017,10,Sant Martí,72,Sant Martí de Provençals,1814,2256,3071,2984,208,267,2461,3129,3122,2671,164,654
2017,10,Sant Martí,73,la Verneda i la Pau,1363,3019,3683,2978,250,420,1943,3837,3710,2750,188,866
2018,1,Ciutat Vella,1,el Raval,5178,6795,5586,4064,357,235,5413,4978,4223,3462,269,565
2018,1,Ciutat Vella,2,el Barri Gòtic,2830,1787,1796,1830,63,84,3084,1085,1155,1614,58,185
2018,1,Ciutat Vella,3,la Barceloneta,1777,1477,1747,1507,101,132,2110,1469,1510,1339,60,353
2018,1,Ciutat Vella,4,"Sant Pere, Santa Caterina i la Ribera",3830,1830,1926,2267,127,93,4414,1685,1601,2127,100,292
2018,2,Eixample,5,el Fort Pienc,5003,1478,2447,3868,209,108,6001,2121,2745,3685,145,332
2018,2,Eixample,6,la Sagrada Família,7722,2333,4079,6041,273,227,9528,4006,4905,5928,216,670
2018,2,Eixample,7,la Dreta de l'Eixample,9217,1067,2273,4680,270,56,10414,1942,2759,5085,233,310
2018,2,Eixample,8,l'Antiga Esquerra de l'Eixample,8327,1202,2436,4963,239,98,9623,2144,3039,5033,198,345
2018,2,Eixample,9,la Nova Esquerra de l'Eixample,10262,2127,3887,6880,337,162,11799,3750,4788,6842,306,540
2018,2,Eixample,10,Sant Antoni,5801,2030,3208,4591,210,163,6592,3044,3511,4198,199,532
2018,3,Sants-Montjuïc,11,el Poble Sec,4151,3860,4342,4114,276,224,5296,4189,3855,3719,202,689
2018,3,Sants-Montjuïc,12,la Marina del Prat Vermell,27,201,200,63,12,14,34,205,144,56,9,37
2018,3,Sants-Montjuïc,13,la Marina de Port,1693,3261,3771,3099,324,273,2304,4071,3587,2979,261,641
2018,3,Sants-Montjuïc,14,la Font de la Guatlla,1270,664,998,1219,59,75,1529,953,1058,1105,54,190
2018,3,Sants-Montjuïc,15,Hostafrancs,1968,1222,1537,1724,99,96,2442,1495,1562,1624,58,227
2018,3,Sants-Montjuïc,16,la Bordeta,1695,1394,2088,2249,137,143,2240,2000,2054,2049,95,345
2018,3,Sants-Montjuïc,17,Sants - Badal,2450,1872,2439,2672,135,193,3093,2632,2628,2515,134,470
2018,3,Sants-Montjuïc,18,Sants,5204,2605,3869,4709,243,244,6672,3519,3946,4409,208,658
2018,4,Les Corts,19,les Corts,8224,1545,2800,5337,264,145,9171,2705,3678,5657,226,445
2018,4,Les Corts,20,la Maternitat i Sant Ramon,3799,1056,1665,2724,142,126,4301,1762,1982,2842,135,345
2018,4,Les Corts,21,Pedralbes,2675,165,457,1168,141,10,2544,401,713,1546,136,30
2018,5,Sarrià-Sant Gervasi,22,"Vallvidrera, el Tibidabo i les Planes",742,165,329,530,53,10,849,185,280,535,46,42
2018,5,Sarrià-Sant Gervasi,23,Sarrià,4834,505,1081,2485,281,38,5397,948,1443,2915,209,141
2018,5,Sarrià-Sant Gervasi,24,les Tres Torres,3493,186,557,1697,183,11,3663,432,827,2303,144,40
2018,5,Sarrià-Sant Gervasi,25,Sant Gervasi - la Bonanova,5091,436,1032,2817,215,15,5676,788,1514,3493,207,128
2018,5,Sarrià-Sant Gervasi,26,Sant Gervasi - Galvany,9908,632,1791,4871,429,34,10909,1517,2786,6745,424,176
2018,5,Sarrià-Sant Gervasi,27,el Putxet i el Farró,5788,494,1348,3301,238,42,6754,993,1918,3938,201,146
2018,6,Gràcia,28,Vallcarca i els Penitents,2418,567,1174,1798,119,69,2969,909,1294,1878,94,184
2018,6,Gràcia,29,el Coll,850,430,677,843,56,51,1116,599,726,902,37,121
2018,6,Gràcia,30,la Salut,2071,530,899,1568,83,43,2599,804,1111,1585,67,139
2018,6,Gràcia,31,la Vila de Gràcia,8457,2094,3254,5490,286,172,11484,3153,3606,5418,237,610
2018,6,Gràcia,32,el Camp d'en Grassot i Gràcia Nova,5511,1243,2466,4127,181,123,6920,2226,2919,4122,140,380
2018,7,Horta-Guinardó,33,el Baix Guinardó,3250,1250,2332,3144,139,162,4085,2122,2608,3097,122,474
2018,7,Horta-Guinardó,34,Can Baró,946,651,949,1024,62,68,1247,801,949,966,46,209
2018,7,Horta-Guinardó,35,el Guinardó,4214,1981,3495,4618,227,200,5405,2934,3807,4396,182,544
2018,7,Horta-Guinardó,36,la Font d'en Fargues,1143,423,912,1184,72,43,1393,694,946,1052,73,114
2018,7,Horta-Guinardó,37,el Carmel,1492,3272,4473,2881,298,485,2172,3946,4228,3021,198,962
2018,7,Horta-Guinardó,38,la Teixonera,759,1086,1553,1197,107,139,1041,1314,1387,1171,72,294
2018,7,Horta-Guinardó,39,Sant Genís dels Agudells,548,613,837,722,60,109,715,745,820,796,40,219
2018,7,Horta-Guinardó,40,Montbau,445,313,526,581,30,74,682,524,556,572,20,202
2018,7,Horta-Guinardó,41,la Vall d'Hebron,641,351,556,708,36,39,860,499,561,622,34,92
2018,7,Horta-Guinardó,42,la Clota,63,56,79,68,2,8,98,37,67,61,4,12
2018,7,Horta-Guinardó,43,Horta,2230,2117,2817,3048,188,275,3195,2775,2808,3019,145,632
2018,8,Nou Barris,44,Vilapicina i la Torre Llobeta,2087,1806,2824,3009,148,237,2932,2703,3042,2871,142,576
2018,8,Nou Barris,45,Porta,1574,2329,3034,2715,158,342,2281,3157,3015,2697,123,699
2018,8,Nou Barris,46,el Turó de la Peira,810,1470,1872,1541,103,209,1148,1983,1939,1585,102,547
2018,8,Nou Barris,47,Can Peguera,79,271,309,163,35,21,100,343,302,186,24,73
2018,8,Nou Barris,48,la Guineueta,999,1249,1843,1676,94,170,1398,1826,1874,1617,78,414
2018,8,Nou Barris,49,Canyelles,279,796,982,601,77,93,454,993,983,554,39,195
2018,8,Nou Barris,50,les Roquetes,504,2052,2258,1151,144,210,713,2231,2169,1272,111,446
2018,8,Nou Barris,51,Verdun,479,1379,1699,1053,98,187,770,1707,1695,1194,67,382
2018,8,Nou Barris,52,la Prosperitat,1106,2834,3601,2461,207,442,1676,3483,3550,2538,176,892
2018,8,Nou Barris,53,la Trinitat Nova,206,923,1093,542,89,64,310,1029,1068,563,55,290
2018,8,Nou Barris,54,Torre Baró,85,413,406,174,54,28,112,425,355,177,44,58
2018,8,Nou Barris,55,Ciutat Meridiana,257,1485,1544,707,108,112,369,1690,1431,777,87,208
2018,8,Nou Barris,56,Vallbona,40,204,206,74,12,17,61,195,172,77,18,41
2018,9,Sant Andreu,57,la Trinitat Vella,321,1422,1470,804,98,110,494,1353,1203,713,71,204
2018,9,Sant Andreu,58,Baró de Viver,62,338,397,160,30,21,74,382,364,164,21,68
2018,9,Sant Andreu,59,el Bon Pastor,590,1354,1772,1102,120,121,798,1547,1555,1062,100,241
2018,9,Sant Andreu,60,Sant Andreu,5222,3816,6091,7135,372,339,7161,5327,6341,6411,321,861
2018,9,Sant Andreu,61,la Sagrera,2609,2010,3185,3563,182,202,3503,2863,3404,3318,129,494
2018,9,Sant Andreu,62,el Congrés i els Indians,1287,850,1509,1714,110,95,1830,1286,1572,1663,95,311
2018,9,Sant Andreu,63,Navas,2341,1298,2252,2782,160,129,2757,2121,2487,2573,134,349
2018,10,Sant Martí,64,el Camp de l'Arpa del Clot,4593,2254,3747,4793,227,204,5834,3339,3998,4244,187,576
2018,10,Sant Martí,65,el Clot,2875,1709,2873,3289,205,151,3544,2342,2955,2967,144,382
2018,10,Sant Martí,66,el Parc i la Llacuna del Poblenou,2197,917,1406,1768,83,63,2488,1168,1352,1652,70,210
2018,10,Sant Martí,67,la Vila Olímpica del Poblenou,1987,206,498,963,92,10,2138,262,570,928,73,44
2018,10,Sant Martí,68,el Poblenou,4304,1911,3051,3756,261,167,5216,2506,2961,3418,202,487
2018,10,Sant Martí,69,Diagonal Mar i el Front Marítim del Poblenou,2045,570,1035,1405,105,81,2358,809,971,1279,101,154
2018,10,Sant Martí,70,el Besòs i el Maresme,986,3352,3217,1913,224,310,1336,2938,2885,1834,179,689
2018,10,Sant Martí,71,Provençals del Poblenou,1890,1528,2358,2315,141,157,2448,1922,2256,2156,125,358
2018,10,Sant Martí,72,Sant Martí de Provençals,1897,2165,3094,2942,219,236,2535,3055,3168,2664,149,603
2018,10,Sant Martí,73,la Verneda i la Pau,1431,2947,3733,3004,284,381,2054,3747,3718,2795,204,788
2019,1,Ciutat Vella,1,el Raval,5517,6531,5744,4323,423,203,5668,4791,4274,3608,318,502
2019,1,Ciutat Vella,2,el Barri Gòtic,3088,2330,2281,2134,83,87,3326,1126,1224,1720,81,158
2019,1,Ciutat Vella,3,la Barceloneta,1942,1443,1775,1589,106,117,2248,1421,1488,1435,72,308
2019,1,Ciutat Vella,4,"Sant Pere, Santa Caterina i la Ribera",4067,1789,1944,2414,155,83,4658,1611,1614,2184,111,261
2019,2,Eixample,5,el Fort Pienc,5206,1490,2475,3885,269,110,6244,2070,2741,3728,211,296
2019,2,Eixample,6,la Sagrada Família,8012,2261,3990,6077,351,207,9952,3760,4775,5961,313,577
2019,2,Eixample,7,la Dreta de l'Eixample,9438,1056,2221,4685,364,55,10728,1853,2707,5013,333,289
2019,2,Eixample,8,l'Antiga Esquerra de l'Eixample,8658,1167,2435,4998,303,89,9987,2032,2922,5025,270,310
2019,2,Eixample,9,la Nova Esquerra de l'Eixample,10647,2045,3751,6845,441,144,12291,3551,4678,6829,396,475
2019,2,Eixample,10,Sant Antoni,5990,1938,3153,4580,262,145,6928,2929,3421,4206,273,477
2019,3,Sants-Montjuïc,11,el Poble Sec,4502,3666,4388,4245,328,197,5598,4032,3895,3829,249,604
2019,3,Sants-Montjuïc,12,la Marina del Prat Vermell,32,195,208,68,18,15,39,203,154,60,9,34
2019,3,Sants-Montjuïc,13,la Marina de Port,1849,3164,3820,3175,369,246,2473,3929,3639,3093,297,589
2019,3,Sants-Montjuïc,14,la Font de la Guatlla,1312,649,1004,1211,82,65,1632,932,1012,1119,76,178
2019,3,Sants-Montjuïc,15,Hostafrancs,2062,1139,1552,1792,122,95,2564,1409,1576,1635,81,199
2019,3,Sants-Montjuïc,16,la Bordeta,1884,1391,2129,2309,179,121,2442,1946,2065,2090,136,317
2019,3,Sants-Montjuïc,17,Sants - Badal,2584,1810,2444,2759,189,176,3301,2533,2658,2555,168,424
2019,3,Sants-Montjuïc,18,Sants,5514,2678,3993,4771,320,219,6911,3489,3933,4483,282,599
2019,4,Les Corts,19,les Corts,8491,1507,2737,5318,358,127,9532,2616,3641,5586,309,398
2019,4,Les Corts,20,la Maternitat i Sant Ramon,3908,983,1656,2688,196,116,4428,1673,1954,2810,180,311
2019,4,Les Corts,21,Pedralbes,2690,162,462,1116,166,8,2569,401,705,1483,175,28
2019,5,Sarrià-Sant Gervasi,22,"Vallvidrera, el Tibidabo i les Planes",779,163,325,517,83,12,854,183,273,537,64,35
2019,5,Sarrià-Sant Gervasi,23,Sarrià,4892,508,1041,2447,365,33,5553,891,1393,2838,282,128
2019,5,Sarrià-Sant Gervasi,24,les Tres Torres,3544,185,517,1687,231,6,3738,413,813,2212,213,36
2019,5,Sarrià-Sant Gervasi,25,Sant Gervasi - la Bonanova,5251,437,982,2769,275,13,5840,785,1488,3401,306,111
2019,5,Sarrià-Sant Gervasi,26,Sant Gervasi - Galvany,10066,591,1735,4822,547,29,11156,1433,2682,6631,560,151
2019,5,Sarrià-Sant Gervasi,27,el Putxet i el Farró,5929,472,1284,3292,297,35,6994,936,1872,3867,274,124
2019,6,Gràcia,28,Vallcarca i els Penitents,2540,543,1120,1804,150,66,3072,856,1272,1858,139,169
2019,6,Gràcia,29,el Coll,895,417,676,859,69,43,1151,583,718,909,56,110
2019,6,Gràcia,30,la Salut,2129,524,892,1586,96,33,2694,763,1089,1587,94,119
2019,6,Gràcia,31,la Vila de Gràcia,8780,1897,3192,5500,377,146,11936,2981,3454,5426,349,553
2019,6,Gràcia,32,el Camp d'en Grassot i Gràcia Nova,5709,1277,2535,4125,236,105,7208,2149,2880,4087,220,348
2019,7,Horta-Guinardó,33,el Baix Guinardó,3369,1192,2308,3173,198,146,4264,2047,2546,3129,164,440
2019,7,Horta-Guinardó,34,Can Baró,996,620,946,1081,80,51,1328,777,953,976,72,196
2019,7,Horta-Guinardó,35,el Guinardó,4405,1890,3470,4680,310,181,5622,2809,3748,4447,283,496
2019,7,Horta-Guinardó,36,la Font d'en Fargues,1185,397,857,1193,103,41,1452,674,914,1055,109,103
2019,7,Horta-Guinardó,37,el Carmel,1575,3183,4493,2971,373,447,2352,3835,4257,3126,274,878
2019,7,Horta-Guinardó,38,la Teixonera,776,1052,1557,1239,132,132,1086,1288,1399,1227,100,267
2019,7,Horta-Guinardó,39,Sant Genís dels Agudells,575,584,870,769,89,94,761,735,832,856,67,194
2019,7,Horta-Guinardó,40,Montbau,479,296,532,591,44,68,706,476,537,610,40,180
2019,7,Horta-Guinardó,41,la Vall d'Hebron,662,338,551,735,49,33,877,488,550,640,58,81
2019,7,Horta-Guinardó,42,la Clota,71,51,86,66,4,7,105,35,69,57,5,11
2019,7,Horta-Guinardó,43,Horta,2351,2086,2777,3132,281,254,3357,2764,2802,3152,217,592
2019,8,Nou Barris,44,Vilapicina i la Torre Llobeta,2196,1780,2774,3056,225,210,3041,2630,3015,2928,202,532
2019,8,Nou Barris,45,Porta,1680,2388,3188,2848,212,315,2441,3125,3133,2901,177,652
2019,8,Nou Barris,46,el Turó de la Peira,887,1428,1862,1596,148,184,1241,1926,1959,1641,129,485
2019,8,Nou Barris,47,Can Peguera,83,256,321,163,39,18,108,337,308,179,26,67
2019,8,Nou Barris,48,la Guineueta,1024,1194,1844,1687,131,152,1448,1796,1918,1655,123,379
2019,8,Nou Barris,49,Canyelles,286,773,983,616,94,83,486,966,972,554,58,179
2019,8,Nou Barris,50,les Roquetes,532,2033,2339,1234,183,183,749,2224,2265,1351,150,402
2019,8,Nou Barris,51,Verdun,532,1314,1732,1111,112,160,811,1674,1726,1212,93,341
2019,8,Nou Barris,52,la Prosperitat,1176,2738,3620,2564,281,401,1783,3445,3542,2634,222,831
2019,8,Nou Barris,53,la Trinitat Nova,235,918,1124,588,108,57,345,1031,1098,608,73,244
2019,8,Nou Barris,54,Torre Baró,88,411,422,172,61,29,107,420,366,192,50,55
2019,8,Nou Barris,55,Ciutat Meridiana,275,1480,1577,738,132,104,418,1671,1445,812,91,191
2019,8,Nou Barris,56,Vallbona,43,195,207,74,18,14,62,200,181,77,25,42
2019,9,Sant Andreu,57,la Trinitat Vella,343,1420,1483,839,133,98,519,1357,1233,765,98,187
2019,9,Sant Andreu,58,Baró de Viver,65,346,400,170,40,21,80,392,372,175,30,62
2019,9,Sant Andreu,59,el Bon Pastor,633,1363,1787,1164,178,109,845,1544,1620,1120,139,223
2019,9,Sant Andreu,60,Sant Andreu,5469,3692,5950,7182,537,313,7448,5163,6207,6452,516,795
2019,9,Sant Andreu,61,la Sagrera,2738,1940,3094,3602,252,176,3713,2776,3371,3353,206,446
2019,9,Sant Andreu,62,el Congrés i els Indians,1403,817,1567,1768,140,84,1960,1240,1561,1701,119,276
2019,9,Sant Andreu,63,Navas,2381,1264,2224,2791,227,118,2903,2026,2473,2628,197,318
2019,10,Sant Martí,64,el Camp de l'Arpa del Clot,4838,2195,3694,4856,283,183,6154,3245,3915,4379,268,534
2019,10,Sant Martí,65,el Clot,3019,1621,2816,3294,274,124,3691,2273,2887,3022,217,339
2019,10,Sant Martí,66,el Parc i la Llacuna del Poblenou,2300,864,1411,1795,116,62,2616,1152,1363,1666,114,194
2019,10,Sant Martí,67,la Vila Olímpica del Poblenou,2041,206,459,960,128,9,2194,259,526,923,122,40
2019,10,Sant Martí,68,el Poblenou,4563,1835,2984,3737,355,146,5497,2406,2833,3446,292,435
2019,10,Sant Martí,69,Diagonal Mar i el Front Marítim del Poblenou,2093,550,999,1404,134,77,2436,770,948,1249,117,138
2019,10,Sant Martí,70,el Besòs i el Maresme,1093,3487,3392,2066,238,295,1479,2921,3015,1967,187,635
2019,10,Sant Martí,71,Provençals del Poblenou,2048,1497,2357,2328,181,138,2652,1867,2287,2215,153,331
2019,10,Sant Martí,72,Sant Martí de Provençals,1995,2090,3061,2956,276,213,2646,2987,3115,2766,215,549
2019,10,Sant Martí,73,la Verneda i la Pau,1488,2856,3804,3046,298,345,2161,3655,3743,2812,237,727
2020,1,Ciutat Vella,1,el Raval,5624,6060,5969,4341,377,181,5730,4555,4473,3738,275,440
2020,1,Ciutat Vella,2,el Barri Gòtic,3217,3159,3319,2383,63,86,3372,1123,1401,1796,65,146
2020,1,Ciutat Vella,3,la Barceloneta,1926,1358,1763,1646,87,105,2324,1350,1512,1504,63,273
2020,1,Ciutat Vella,4,"Sant Pere, Santa Caterina i la Ribera",4092,1700,2020,2475,123,72,4736,1566,1634,2215,118,223
2020,2,Eixample,5,el Fort Pienc,5399,1520,2634,3995,203,101,6483,1999,2850,3814,166,262
2020,2,Eixample,6,la Sagrada Família,8206,2160,4151,6165,294,181,10187,3608,4847,6076,228,513
2020,2,Eixample,7,la Dreta de l'Eixample,9567,985,2331,4673,318,44,11003,1745,2753,5025,279,251
2020,2,Eixample,8,l'Antiga Esquerra de l'Eixample,8868,1097,2523,5068,261,83,10255,1905,2996,4961,225,263
2020,2,Eixample,9,la Nova Esquerra de l'Eixample,10829,1895,3871,6813,377,137,12618,3355,4802,6756,317,427
2020,2,Eixample,10,Sant Antoni,6263,1875,3185,4558,248,127,7219,2786,3543,4248,186,437
2020,3,Sants-Montjuïc,11,el Poble Sec,4696,3408,4427,4281,309,165,5772,3801,3912,3902,206,534
2020,3,Sants-Montjuïc,12,la Marina del Prat Vermell,34,197,213,71,20,12,49,200,165,65,10,31
2020,3,Sants-Montjuïc,13,la Marina de Port,1958,3087,3954,3261,326,226,2563,3843,3772,3166,262,555
2020,3,Sants-Montjuïc,14,la Font de la Guatlla,1310,622,1036,1229,74,66,1657,899,1068,1127,52,169
2020,3,Sants-Montjuïc,15,Hostafrancs,2120,1080,1595,1760,107,88,2680,1367,1586,1651,82,185
2020,3,Sants-Montjuïc,16,la Bordeta,1972,1335,2164,2298,160,108,2578,1888,2104,2094,115,293
2020,3,Sants-Montjuïc,17,Sants - Badal,2719,1762,2524,2834,170,158,3486,2458,2744,2656,135,380
2020,3,Sants-Montjuïc,18,Sants,5737,2849,4383,4969,256,210,7188,3376,4173,4636,212,536
2020,4,Les Corts,19,les Corts,8615,1459,2841,5299,297,110,9687,2526,3712,5550,255,363
2020,4,Les Corts,20,la Maternitat i Sant Ramon,3954,951,1705,2720,159,100,4499,1604,1979,2825,138,288
2020,4,Les Corts,21,Pedralbes,2642,157,484,1130,160,6,2598,389,756,1461,159,25
2020,5,Sarrià-Sant Gervasi,22,"Vallvidrera, el Tibidabo i les Planes",776,161,347,500,50,10,869,181,294,535,57,33
2020,5,Sarrià-Sant Gervasi,23,Sarrià,4948,497,1129,2440,330,33,5689,825,1436,2791,288,123
2020,5,Sarrià-Sant Gervasi,24,les Tres Torres,3553,186,587,1666,205,4,3751,391,856,2176,167,36
2020,5,Sarrià-Sant Gervasi,25,Sant Gervasi - la Bonanova,5297,421,1094,2712,268,15,5952,723,1552,3354,287,101
2020,5,Sarrià-Sant Gervasi,26,Sant Gervasi - Galvany,10191,556,1849,4750,495,27,11418,1358,2780,6544,456,132
2020,5,Sarrià-Sant Gervasi,27,el Putxet i el Farró,6126,474,1434,3315,260,32,7264,872,1931,3854,252,115
2020,6,Gràcia,28,Vallcarca i els Penitents,2630,518,1181,1841,130,63,3178,845,1344,1829,111,159
2020,6,Gràcia,29,el Coll,941,396,719,873,60,36,1191,570,758,907,52,102
2020,6,Gràcia,30,la Salut,2142,511,916,1612,77,29,2769,740,1133,1560,55,111
2020,6,Gràcia,31,la Vila de Gràcia,9108,1765,3285,5413,326,128,12182,2818,3574,5443,252,507
2020,6,Gràcia,32,el Camp d'en Grassot i Gràcia Nova,5891,1236,2600,4127,185,97,7446,2049,2950,4103,192,324
2020,7,Horta-Guinardó,33,el Baix Guinardó,3502,1130,2373,3214,145,144,4445,1983,2580,3111,108,419
2020,7,Horta-Guinardó,34,Can Baró,1039,599,980,1102,67,46,1381,764,966,989,31,169
2020,7,Horta-Guinardó,35,el Guinardó,4590,1788,3569,4734,267,159,5888,2717,3837,4529,189,448
2020,7,Horta-Guinardó,36,la Font d'en Fargues,1244,385,890,1175,64,36,1492,648,958,1069,73,100
2020,7,Horta-Guinardó,37,el Carmel,1674,3071,4660,3112,291,405,2487,3774,4368,3221,209,805
2020,7,Horta-Guinardó,38,la Teixonera,790,999,1654,1279,108,116,1124,1274,1450,1285,77,248
2020,7,Horta-Guinardó,39,Sant Genís dels Agudells,599,581,900,810,71,85,794,714,881,889,47,184
2020,7,Horta-Guinardó,40,Montbau,539,273,549,588,33,57,747,455,561,625,17,158
2020,7,Horta-Guinardó,41,la Vall d'Hebron,684,319,562,738,29,30,916,486,592,667,36,86
2020,7,Horta-Guinardó,42,la Clota,72,52,83,75,6,6,99,39,74,65,2,10
2020,7,Horta-Guinardó,43,Horta,2450,2080,3008,3286,222,234,3552,2716,3000,3282,151,564
2020,8,Nou Barris,44,Vilapicina i la Torre Llobeta,2273,1730,2860,3105,174,184,3187,2554,3109,2997,157,496
2020,8,Nou Barris,45,Porta,1781,2457,3481,3059,192,283,2610,3124,3386,3106,170,586
2020,8,Nou Barris,46,el Turó de la Peira,930,1385,1996,1680,129,170,1352,1893,2041,1686,110,436
2020,8,Nou Barris,47,Can Peguera,78,250,340,158,36,15,115,323,318,184,23,63
2020,8,Nou Barris,48,la Guineueta,1056,1141,1879,1748,116,145,1496,1745,1920,1706,100,353
2020,8,Nou Barris,49,Canyelles,295,761,1011,620,74,71,506,951,994,571,52,164
2020,8,Nou Barris,50,les Roquetes,552,1979,2436,1260,185,162,795,2169,2359,1394,124,370
2020,8,Nou Barris,51,Verdun,551,1290,1789,1145,103,144,869,1643,1768,1280,98,307
2020,8,Nou Barris,52,la Prosperitat,1223,2670,3709,2650,225,352,1866,3398,3666,2742,173,771
2020,8,Nou Barris,53,la Trinitat Nova,256,883,1189,599,88,50,372,1018,1123,659,75,213
2020,8,Nou Barris,54,Torre Baró,93,390,434,180,51,26,119,395,383,208,41,55
2020,8,Nou Barris,55,Ciutat Meridiana,264,1471,1634,794,111,91,407,1651,1541,841,83,181
2020,8,Nou Barris,56,Vallbona,43,186,214,83,17,11,67,204,188,76,24,39
2020,9,Sant Andreu,57,la Trinitat Vella,359,1390,1536,875,101,91,535,1357,1280,806,80,168
2020,9,Sant Andreu,58,Baró de Viver,71,337,423,169,40,18,83,376,396,181,26,56
2020,9,Sant Andreu,59,el Bon Pastor,681,1401,1966,1261,164,96,926,1516,1732,1190,111,195
2020,9,Sant Andreu,60,Sant Andreu,5693,3591,6100,7290,466,275,7766,5001,6444,6573,367,724
2020,9,Sant Andreu,61,la Sagrera,2855,1861,3169,3604,186,161,3828,2686,3410,3432,158,403
2020,9,Sant Andreu,62,el Congrés i els Indians,1506,772,1602,1820,109,76,2041,1159,1616,1754,96,246
2020,9,Sant Andreu,63,Navas,2481,1199,2290,2832,176,101,3052,1943,2552,2671,151,283
2020,10,Sant Martí,64,el Camp de l'Arpa del Clot,4996,2109,3719,4878,241,164,6391,3084,4033,4449,211,479
2020,10,Sant Martí,65,el Clot,3072,1584,2838,3319,216,108,3852,2207,2859,3014,194,311
2020,10,Sant Martí,66,el Parc i la Llacuna del Poblenou,2405,825,1444,1832,104,59,2749,1110,1404,1652,114,181
2020,10,Sant Martí,67,la Vila Olímpica del Poblenou,2063,216,487,972,108,10,2235,242,533,942,104,37
2020,10,Sant Martí,68,el Poblenou,4792,1749,3067,3764,304,132,5640,2313,2892,3521,262,384
2020,10,Sant Martí,69,Diagonal Mar i el Front Marítim del Poblenou,2084,524,1058,1339,124,72,2455,759,974,1253,104,125
2020,10,Sant Martí,70,el Besòs i el Maresme,1195,3577,3677,2235,233,273,1577,2887,3080,2078,189,574
2020,10,Sant Martí,71,Provençals del Poblenou,2149,1469,2410,2374,174,121,2758,1826,2297,2238,145,308
2020,10,Sant Martí,72,Sant Martí de Provençals,2028,2012,3104,2964,239,189,2773,2912,3141,2841,177,493
2020,10,Sant Martí,73,la Verneda i la Pau,1543,2761,3860,3083,279,310,2269,3588,3775,2884,220,654
